{
    "value0": {
        "calibration_stats": {
            "success": true,
            "mean_reprojection_error": 3.493717331254634e-41,
            "poses_rejection_ratio": 2.743790732338853e-26,
            "num_points": 30101,
            "calibrated_fov": []
        },
        "cam_names": [
            "S1/stereo1_l/hfflow",
            "S1/stereo2_r/hfflow",
            "S1/camd/hfflow",
            "S1/cama/hfflow"
        ],
        "T_imu_body": {
            "px": -0.009999999999999966,
            "py": 0.16,
            "pz": 6.605826996519681e-17,
            "qx": 7.850462293418875e-17,
            "qy": -1.570092458683775e-16,
            "qz": 0.7071067811865475,
            "qw": 0.7071067811865476
        },
        "T_imu_cam": [
            {
                "px": 0.05639387607574463,
                "py": -0.0018585531413555146,
                "pz": 0.003358285129070282,
                "qx": -0.16659374453866813,
                "qy": 0.6847487474790757,
                "qz": -0.6813624070356802,
                "qw": 0.19776487904824298
            },
            {
                "px": -0.0772128963470459,
                "py": 0.0005316610261797905,
                "pz": 0.002560281455516815,
                "qx": 0.17869544399914606,
                "qy": 0.6853115312404209,
                "qz": -0.6769732388781103,
                "qw": -0.2003079561219144
            },
            {
                "px": -0.01,
                "py": -0.04,
                "pz": -3.885780586188048e-18,
                "qx": 0.0,
                "qy": 0.7071067811865477,
                "qz": -0.7071067811865474,
                "qw": 0.0
            },
            {
                "px": -0.008146486282348632,
                "py": -0.011666873693466187,
                "pz": -0.006627731323242188,
                "qx": 0.0029743726086240175,
                "qy": 0.984229367779508,
                "qz": -0.1768696948344091,
                "qw": 0.0009031927359593864
            }
        ],
        "cam_time_offset_ns": 8000000
    }
}
